category,skill,definition,question,skeleton,autistic,non_autistic
hiring,Adaptability,"Maintains effectiveness when experiencing major changes in work tasks or the work
environment; adjusts effectively to work within new work structures, processes, requirements, or
cultures.",Describe how you adjusted when priorities or procedures were changed.,"Interviewee's Role:
- Project Manager

The Situation:
- Company underwent a major restructuring, leading to changes in project priorities and procedures.

The Interviewee's Task/Challenge:
- Ensure ongoing projects remained on track despite the new priorities and procedures.
- Communicate changes effectively to the team and stakeholders.

Action(s) that the Interviewee Took:
- Held an emergency meeting with the team to discuss the new priorities and procedures.
- Re-evaluated project timelines and resources to align with the new directives.
- Developed a revised project plan and communicated it to all stakeholders.
- Provided additional training and support to the team to adapt to new procedures.

Skills that the Interviewee Demonstrated:
- Effective communication
- Strategic planning
- Team leadership
- Problem-solving

Final Result:
- Successfully realigned project goals with new company priorities.
- Maintained project timelines and delivered key milestones on schedule.
- Team adapted quickly to new procedures, resulting in minimal disruption to workflow.","In my role as a Project Manager, the company underwent a major restructuring, leading to changes in project priorities and procedures. My challenge was to ensure ongoing projects remained on track and communicate changes effectively to the team and stakeholders. I held an emergency meeting to discuss the new priorities and procedures, re-evaluated project timelines and resources, and developed a revised project plan. I communicated this plan to all stakeholders and provided additional training and support to the team. I demonstrated effective communication, strategic planning, team leadership, and problem-solving. As a result, we successfully realigned project goals with new company priorities, maintained project timelines, and delivered key milestones on schedule with minimal disruption.","""In my role as a Project Manager, when our company underwent a major restructuring, I faced the challenge of keeping ongoing projects on track amidst new priorities and procedures. I promptly held an emergency meeting with my team to discuss these changes. We re-evaluated project timelines and resources, developed a revised project plan, and communicated it to all stakeholders. I also provided additional training and support to help the team adapt. Through effective communication, strategic planning, and strong leadership, we successfully realigned our goals with the new company priorities, maintained project timelines, and delivered key milestones on schedule, ensuring minimal disruption to our workflow."""
hiring,Adaptability,"Maintains effectiveness when experiencing major changes in work tasks or the work
environment; adjusts effectively to work within new work structures, processes, requirements, or
cultures.","Describe a work situation when you interacted with people from different cultural, social, and economic backgrounds. Were you effective? How?","Interviewee's Role:
- Project Manager

The Situation:
- Leading a cross-functional team on an international project with members from various cultural, social, and economic backgrounds.

The Interviewee's Task/Challenge:
- Ensure effective communication and collaboration among team members with diverse perspectives and working styles.

Action(s) that the Interviewee Took:
- Organized cultural sensitivity training sessions to build awareness and understanding among team members.
- Implemented regular virtual meetings to facilitate open communication and address any misunderstandings promptly.
- Encouraged team members to share their unique perspectives and experiences to enrich the project.

Skills that the Interviewee Demonstrated:
- Cultural awareness and sensitivity
- Effective communication and conflict resolution
- Leadership and team-building

Final Result:
- Successfully completed the project on time and within budget.
- Achieved high team satisfaction and cohesion, with positive feedback from all team members.
- Delivered a product that was well-received by the client, demonstrating the value of diverse perspectives.","In my role as a Project Manager, I led a cross-functional team on an international project with members from various cultural, social, and economic backgrounds. My task was to ensure effective communication and collaboration among team members with diverse perspectives and working styles. I organized cultural sensitivity training sessions to build awareness and understanding among team members. I implemented regular virtual meetings to facilitate open communication and address any misunderstandings promptly. I encouraged team members to share their unique perspectives and experiences to enrich the project. As a result, we successfully completed the project on time and within budget, achieved high team satisfaction and cohesion, and delivered a product that was well-received by the client.","As a Project Manager, I led a cross-functional team on an international project with members from various cultural, social, and economic backgrounds. To ensure effective communication and collaboration, I organized cultural sensitivity training sessions to build awareness and understanding among team members. I also implemented regular virtual meetings to facilitate open communication and promptly address any misunderstandings. Encouraging team members to share their unique perspectives and experiences enriched the project. This approach demonstrated my cultural awareness, effective communication, and leadership skills. We successfully completed the project on time and within budget, achieving high team satisfaction and cohesion. The client was very pleased with the final product, highlighting the value of our diverse perspectives."
hiring,Adaptability,"Maintains effectiveness when experiencing major changes in work tasks or the work
environment; adjusts effectively to work within new work structures, processes, requirements, or
cultures.","How have you remained effective in your job when you experienced changes such as reorganization, a new supervisor, new procedures, legislative changes, or conflicting priorities?","Interviewee's Role:
- Project Manager

The Situation:
- The company underwent a major reorganization, resulting in a new supervisor and revised project management procedures.

The Interviewee's Task/Challenge:
- Ensure project continuity and team morale during the transition.
- Adapt to new management styles and procedures quickly.

Action(s) that the Interviewee Took:
- Held a team meeting to address concerns and provide clarity on new procedures.
- Scheduled regular check-ins with the new supervisor to align on expectations and project goals.
- Attended training sessions to understand and implement new procedures effectively.
- Prioritized tasks and delegated responsibilities to manage conflicting priorities.

Skills that the Interviewee Demonstrated:
- Communication
- Leadership
- Time management
- Flexibility

Final Result:
- Successfully met project deadlines with minimal disruption.
- Maintained high team morale and productivity.
- Received positive feedback from the new supervisor on adaptability and leadership.","In my role as a Project Manager, the company underwent a major reorganization, resulting in a new supervisor and revised project management procedures. My task was to ensure project continuity and team morale during the transition and adapt to new management styles and procedures quickly. I held a team meeting to address concerns and provide clarity on new procedures. I scheduled regular check-ins with the new supervisor to align on expectations and project goals. I attended training sessions to understand and implement new procedures effectively. I prioritized tasks and delegated responsibilities to manage conflicting priorities. As a result, we successfully met project deadlines with minimal disruption, maintained high team morale and productivity, and received positive feedback from the new supervisor on adaptability and leadership.","""In my role as a Project Manager, when our company underwent a major reorganization, I faced the challenge of ensuring project continuity and team morale. I held a team meeting to address concerns and clarify new procedures, and scheduled regular check-ins with my new supervisor to align on expectations. I attended training sessions to grasp the new procedures and prioritized tasks, delegating responsibilities to manage conflicting priorities. Through effective communication, leadership, time management, and flexibility, we met project deadlines with minimal disruption. The team maintained high morale and productivity, and I received positive feedback from my new supervisor on my adaptability and leadership."""
hiring,Adaptability,"Maintains effectiveness when experiencing major changes in work tasks or the work
environment; adjusts effectively to work within new work structures, processes, requirements, or
cultures.",What strategies would you use in a small group meeting if there were divergent opinions or solutions proposed to solve a problem?,"Interviewee's Role:
- Team Leader

The Situation:
- Small group meeting to solve a critical project issue

The Interviewee's Task/Challenge:
- Facilitate the meeting and guide the team to a consensus despite divergent opinions

Action(s) that the Interviewee Took:
- Encouraged open communication and active listening among team members
- Summarized each proposed solution to ensure understanding and clarity
- Identified common ground and areas of agreement between differing opinions
- Suggested a hybrid solution that incorporated the strengths of multiple proposals
- Facilitated a vote or consensus-building activity to finalize the decision

Skills that the Interviewee Demonstrated:
- Effective communication
- Conflict resolution
- Critical thinking
- Leadership

Final Result:
- Team reached a consensus on the best solution
- Enhanced team cohesion and collaboration
- Successful implementation of the agreed-upon solution","As a Team Leader, I facilitated a small group meeting to solve a critical project issue. My task was to guide the team to a consensus despite divergent opinions. I encouraged open communication and active listening among team members. I summarized each proposed solution to ensure understanding and clarity. I identified common ground and areas of agreement between differing opinions. I suggested a hybrid solution that incorporated the strengths of multiple proposals. I then facilitated a vote or consensus-building activity to finalize the decision. This demonstrated my skills in effective communication, conflict resolution, critical thinking, and leadership. The team reached a consensus on the best solution, enhancing team cohesion and collaboration, leading to the successful implementation of the agreed-upon solution.","As a Team Leader, in a small group meeting to solve a critical project issue, I would first encourage open communication and active listening among team members. I would summarize each proposed solution to ensure everyone understands and clarify any points. By identifying common ground and areas of agreement, I could suggest a hybrid solution that incorporates the strengths of multiple proposals. To finalize the decision, I would facilitate a vote or consensus-building activity. This approach demonstrates effective communication, conflict resolution, critical thinking, and leadership. Ultimately, the team would reach a consensus on the best solution, enhancing team cohesion and collaboration, leading to the successful implementation of the agreed-upon solution."
hiring,Adaptability,"Maintains effectiveness when experiencing major changes in work tasks or the work
environment; adjusts effectively to work within new work structures, processes, requirements, or
cultures.",Have you ever had the primary mission of your job or a task change completely in a short period of time? What did you do?,"Interviewee's Role:
- Project Manager at a software development company

The Situation:
- The company decided to pivot from developing a desktop application to a cloud-based solution due to market demand.

The Interviewee's Task/Challenge:
- Lead the team through the transition and ensure the new project meets the revised objectives and deadlines.

Action(s) that the Interviewee Took:
- Conducted a team meeting to communicate the change in direction and its implications.
- Re-evaluated the project plan and reallocated resources to align with the new goals.
- Organized training sessions to upskill the team on cloud technologies.
- Established new milestones and adjusted timelines to reflect the new project scope.

Skills that the Interviewee Demonstrated:
- Effective communication to ensure team understanding and buy-in.
- Strategic planning to realign project goals and resources.
- Leadership in guiding the team through the transition.
- Flexibility in adapting to new technologies and project requirements.

Final Result:
- Successfully launched the cloud-based solution within the revised timeline.
- Received positive feedback from clients and stakeholders for meeting market needs.
- Enhanced team skills and morale through effective change management.","Yes, I have experienced a significant change in the primary mission of my job. As a Project Manager at a software development company, we had to pivot from developing a desktop application to a cloud-based solution due to market demand. I led the team through this transition by conducting a meeting to communicate the change, re-evaluating the project plan, reallocating resources, organizing training sessions on cloud technologies, and establishing new milestones. This required effective communication, strategic planning, leadership, and flexibility. We successfully launched the cloud-based solution within the revised timeline, received positive feedback from clients and stakeholders, and enhanced team skills and morale through effective change management.","Absolutely, I have experienced such a situation. As a Project Manager at a software development company, we had to pivot from developing a desktop application to a cloud-based solution due to market demand. I led the team through this transition by first conducting a meeting to communicate the change and its implications. We re-evaluated the project plan, reallocated resources, and organized training sessions on cloud technologies. I established new milestones and adjusted timelines accordingly. Through effective communication, strategic planning, and leadership, we successfully launched the cloud-based solution within the revised timeline, receiving positive feedback from clients and stakeholders. This experience also enhanced our team's skills and morale."
hiring,Analytical Thinking,"Identifies issues; obtains relevant information, relates and compares data from different
sources, and identifies alternative solutions.","All of us are surprised occasionally to discover that the services we are performing for clients are
not working. What steps did you take to correct a situation like this?","Interviewee's Role:
- Data Analyst

The Situation:
- Client reported that the monthly performance reports were not accurately reflecting their sales data.

The Interviewee's Task/Challenge:
- Identify the discrepancies in the sales data and correct the inaccuracies in the reports.

Action(s) that the Interviewee Took:
- Conducted a thorough review of the data sources and cross-referenced them with the client's internal records.
- Identified a mismatch in the data extraction process from the client's CRM system.
- Collaborated with the IT team to rectify the data extraction issue.
- Implemented additional validation checks to ensure data accuracy in future reports.

Skills that the Interviewee Demonstrated:
- Analytical thinking by identifying the root cause of the data discrepancy.
- Problem-solving by developing and implementing a solution to correct the data extraction process.

Final Result:
- Accurate and reliable performance reports were delivered to the client.
- Improved client satisfaction and trust in the reporting process.
- Reduced the likelihood of similar issues occurring in the future through enhanced validation checks.","In my role as a Data Analyst, a client reported that the monthly performance reports were not accurately reflecting their sales data. To address this, I conducted a thorough review of the data sources and cross-referenced them with the client's internal records. I identified a mismatch in the data extraction process from the client's CRM system. I collaborated with the IT team to rectify the data extraction issue and implemented additional validation checks to ensure data accuracy in future reports. This demonstrated my analytical thinking and problem-solving skills. As a result, we delivered accurate and reliable performance reports, improved client satisfaction and trust, and reduced the likelihood of similar issues occurring in the future.","""Certainly! As a Data Analyst, I once encountered a situation where a client reported inaccuracies in their monthly performance reports. To address this, I conducted a thorough review of the data sources and cross-referenced them with the client's internal records. I discovered a mismatch in the data extraction process from their CRM system. Collaborating with the IT team, we rectified the issue and implemented additional validation checks to ensure future accuracy. This experience highlighted my analytical thinking and problem-solving skills. Ultimately, we delivered accurate reports, which significantly improved client satisfaction and trust, while also reducing the likelihood of similar issues in the future."""